{
  "test_preprocess": {
    "vocab_length": 1805
  },
  "test_lm": {
    "english_2_gram_length": 748,
    "english_3_gram_length": 8239,
    "french_3_gram_length": 8286,
    "spanish_3_gram_length": 8469
  },
  "test_eval": {
    "en_en": 9.370349492166199,
    "en_fr": 35.20871539993128,
    "en_tl": 32.35048201244167,
    "en_nl": 32.428455818152294
  },
  "test_match": {
    "en_en_3": 4.409097345529981,
    "en_tl_3": 16.317700900340476,
    "en_nl_3": 17.89131977199139
  },
  "test_generate": "NameError(\"name 'generate' is not defined\")"
}
